pop,ind,lat,long,MO1,MO6,MO10,MO55,MO61,MO41,MO45,MO46,MO56,MO8,MO12,MO13,MO68
WM,S1T1,572183,3148446,136/136,508/510,270/270,110/122,302/302,143/143,208/212,418/426,335/335,165/165,266/266,328/336,235/245
WM,S1T3,572147,3148491,136/136,506/506,270/270,110/110,298/302,143/143,210/212,422/426,333/335,165/165,266/266,328/336,255/267
WM,S1T4,572170,3148601,136/136,506/508,270/270,110/110,302/302,143/143,210/210,418/426,335/335,165/165,256/266,328/328,249/267
WM,S1T5,572171,3148604,136/136,506/506,270/270,110/118,302/302,143/143,210/210,418/426,335/345,161/165,268/268,328/328,249/267
WM,S1T6,572180,3148621,136/136,510/510,270/270,110/110,298/302,143/143,208/210,418/422,333/335,165/165,268/268,328/336,267/267
WM,S1T7,572180,3148621,136/136,506/506,270/270,110/110,302/302,143/143,208/210,418/422,333/335,165/165,268/268,328/336,267/267
WM,S1T8,572222,3148686,136/136,510/510,270/270,110/110,298/302,143/143,210/210,418/422,333/335,165/165,258/266,328/336,267/267
WM,S1T9,572224,3148667,136/136,506/510,270/270,110/110,298/302,143/143,210/210,422/426,335/341,165/165,268/268,328/336,245/267
WM,S1T10,572219,3148668,136/136,506/510,266/266,118/122,298/302,143/143,210/210,422/426,335/335,165/165,268/268,328/328,245/267
WM,S1T11,572146,3148703,136/136,506/506,270/270,118/122,298/302,143/143,210/212,422/426,335/337,165/165,266/266,328/346,255/271
WM,S2T2,572590,3148475,136/136,506/508,270/270,104/110,298/302,143/143,210/212,418/428,333/333,165/165,256/256,328/328,245/255
WM,S2T4,572772,3148500,136/136,506/506,270/270,110/122,298/302,143/143,208/210,418/428,335/345,165/165,256/256,334/346,251/267
WM,S2T5,572772,3148605,136/136,506/508,270/270,110/122,298/302,143/143,208/208,414/418,335/335,161/165,268/268,328/336,267/267
WM,S2T6,572777,3148603,136/136,508/510,270/270,110/110,298/302,143/143,208/212,418/428,335/335,163/165,268/268,328/334,251/267
WM,S2T7,572785,3148602,136/136,506/506,270/270,98/122,302/302,143/143,208/208,418/418,335/335,165/165,264/264,334/346,249/267
WM,S2T8,572857,3148582,136/136,506/508,270/270,110/112,298/298,143/143,208/208,428/428,335/335,149/165,256/256,328/334,245/255
WM,S3T1,573430,3148543,136/136,506/508,270/270,110/110,298/302,143/143,210/212,418/428,333/333,165/165,256/256,328/328,245/255
WM,S3T2,573443,3148508,136/136,508/508,270/270,112/112,302/302,143/143,196/208,422/428,333/345,165/165,250/256,336/346,251/261
WM,S3T3 ,573441,3148507,136/136,506/510,270/270,110/120,298/302,143/143,198/208,428/428,335/335,149/165,256/264,328/328,245/249
WM,S3T8,573471,3148623,136/136,506/506,270/270,110/122,298/298,143/143,208/212,426/428,335/345,149/165,268/268,334/334,245/255
WM,S4T1,573998,3148967,136/136,506/508,270/270,110/122,298/302,143/143,208/208,418/428,335/335,165/165,268/268,328/328,249/267
WM,S4T2,573975,3148895,136/136,506/508,270/270,110/122,298/302,143/143,208/208,418/428,335/357,149/165,268/268,328/336,251/267
WM,S4T3,573958,3148878,136/136,506/506,270/270,110/110,298/302,143/143,208/208,418/428,335/353,149/165,250/268,328/336,251/267
WM,S4T4,573925,3148857,136/136,508/508,270/270,110/122,298/302,143/143,196/208,428/428,335/345,149/165,268/268,334/344,245/255
WM,S4T7,573803,3148800,136/136,506/506,270/286,110/110,298/302,143/143,196/210,426/428,333/345,165/165,256/268,334/336,245/267
WM,S4T8,573690,3148769,136/136,506/506,270/286,110/118,298/302,143/143,208/208,418/428,335/345,163/165,268/268,334/336,251/267
WM,S5T3,574186,3149102,136/136,506/506,270/270,110/118,298/298,143/143,198/208,426/428,335/335,165/165,264/264,328/334,245/267
WM,S5T4,574164,3149087,136/136,506/510,270/270,110/122,302/302,143/143,208/212,418/426,335/345,165/165,256/266,328/336,251/267
WM,S5T6,574123,3149044,136/136,506/508,270/270,110/110,298/302,143/143,208/208,428/428,335/335,149/149,268/268,328/334,245/267
WM,S5T7,574123,3149006,136/136,506/508,270/270,110/122,298/302,143/143,208/212,418/428,333/335,163/165,268/268,328/334,245/249
WM,S6T1,574277,3149178,136/136,506/508,270/270,110/132,302/302,143/143,208/212,422/426,333/345,165/165,268/268,328/334,251/267
WM,S6T2,574273,3149182,136/136,506/506,270/270,110/110,298/298,143/143,208/212,420/428,333/333,165/165,268/268,334/334,249/251
WM,S6T4,574283,3149180,136/136,506/506,270/270,110/110,298/298,143/143,210/212,422/428,333/333,163/165,256/266,328/334,251/267
WM,S6T5,574305,3149180,136/136,506/506,270/270,110/110,298/302,143/143,208/212,422/428,333/335,165/165,256/262,334/336,245/251
WM,S7T1,574651,3149518,136/136,506/510,270/270,110/110,298/302,143/143,208/208,428/428,335/335,165/165,268/268,336/346,267/267
WM,S7T2,574664,3149521,136/136,506/506,270/270,110/122,302/302,143/143,212/212,414/420,335/335,165/165,256/256,328/334,245/267
WM,S7T3,574527,3149423,136/136,506/506,270/270,112/122,302/302,143/143,210/212,422/426,335/335,149/165,256/266,328/328,249/251
WM,S8T2,573506,3148892,136/136,506/508,270/270,110/122,302/302,143/143,208/210,428/428,333/335,165/165,264/264,328/328,245/251
WM,S8T3,573727,3148987,136/136,506/508,270/270,110/110,298/298,143/143,210/212,428/428,335/345,149/165,268/268,328/334,251/267
WM,S8T4,573731,3148985,136/136,506/508,270/270,110/110,298/298,143/143,210/212,428/428,333/345,149/165,268/268,328/334,251/267
WM,S8T5_N,573719,3148985,136/136,506/508,270/270,110/110,298/298,143/143,210/212,428/428,335/345,149/165,268/268,328/334,251/267
WM,S8T6,573741,3149029,136/136,508/510,270/270,110/110,298/298,143/143,208/210,414/428,335/335,149/149,256/266,328/336,251/267
WM,S8T7,573745,3149025,136/136,506/506,270/270,110/110,298/302,143/143,208/212,426/428,335/335,165/165,258/258,336/346,245/267
WM,S8T8,573754,3149035,136/136,506/508,270/270,110/120,302/302,143/143,210/212,426/428,335/345,165/165,268/268,336/346,245/267
WM,S8T9,573764,3149036,136/136,506/506,270/270,110/120,298/302,143/143,210/212,426/428,333/335,165/165,268/268,336/346,245/269
WM,S9T1,573820,3149065,136/136,506/508,270/270,110/110,298/298,143/143,208/212,428/428,335/335,149/165,268/268,328/346,245/251
WM,S9T2,573824,3149065,136/136,506/506,270/270,110/122,302/302,143/143,196/208,418/418,333/335,149/165,266/266,328/334,245/249
WM,S10T2,573909,3149174,136/136,508/510,270/270,110/110,298/302,143/143,208/210,418/428,335/335,165/165,268/268,328/328,251/267
WM,S10T3,573907,3149180,136/136,490/508,270/286,110/124,298/302,143/143,208/212,418/428,335/357,149/159,256/268,328/328,267/267
WM,S10T4,573986,3149253,136/136,506/508,270/270,122/122,280/298,143/143,208/210,418/418,335/335,165/165,266/266,328/336,251/255
WM,S10T5,573997,3149256,136/136,506/506,270/286,110/122,298/302,143/143,208/212,426/428,333/335,165/165,268/268,336/346,245/267
WM,S11T1,574062,3149292,136/136,506/506,270/270,110/110,298/298,143/143,208/208,428/428,335/335,163/165,268/268,334/336,267/267
WM,S11T5,574153,3149309,136/136,506/508,270/270,102/110,298/302,143/143,212/212,418/426,333/335,165/165,256/256,328/334,245/245
WM,S12T2,574185,3149384,136/136,488/506,270/270,110/110,298/302,143/143,208/212,426/428,333/335,165/165,264/264,328/334,245/267
WM,S12T3,574187,3149397,136/136,506/508,230/230,110/118,302/302,143/143,208/208,422/426,335/335,165/165,258/266,328/328,267/267
WM,S12T4,574187,3149403,136/136,506/506,270/270,110/110,298/302,143/143,208/208,426/428,333/333,165/165,268/268,328/328,251/267
WM,S12T5,574196,3149411,136/136,506/510,270/270,110/110,298/302,143/143,208/208,426/428,335/335,165/165,268/268,328/334,245/267
WM,S12T9,574226,3149401,136/136,506/506,270/284,98/122,298/302,143/143,208/208,426/428,333/345,165/165,258/266,328/334,251/267
WM,S13T7,574359,3149585,138/138,508/508,270/270,102/110,298/302,143/143,208/210,418/428,335/335,149/165,268/268,334/346,249/267
WM,S14T1,574442,3149625,136/136,506/510,270/270,110/122,298/302,143/143,208/212,426/428,333/335,165/165,266/266,336/336,245/267
WM,S14T2,574449,3149625,136/136,506/506,270/270,110/110,298/302,143/143,208/212,426/428,333/335,165/165,268/268,336/336,245/267
WM,S14T3,574451,3149626,136/136,506/506,270/270,110/110,298/302,143/143,208/212,426/428,333/335,165/165,268/268,336/336,245/267
WM,S14T6,574520,3149669,136/136,506/510,270/270,110/110,302/302,143/143,196/208,414/426,335/351,165/165,268/268,336/336,267/267
WM,S14T9,574545,3149650,136/136,506/506,270/270,110/122,298/298,143/143,196/208,414/428,333/335,165/165,248/256,328/334,245/249
WM,S14T10,574548,3149655,136/136,506/506,270/284,110/110,298/302,143/143,196/212,414/426,333/335,165/165,258/258,328/328,249/267
WM,S14T11,574559,3149653,136/136,508/510,270/270,110/110,298/302,143/143,210/210,418/426,335/345,165/165,256/256,336/336,245/251
WM,S15T1,574592,3149742,136/136,506/510,230/230,110/110,298/302,143/143,198/210,428/428,333/333,165/165,252/266,328/336,245/251
WM,S15T2,574595,3149739,136/136,506/510,270/270,110/110,298/302,143/143,198/212,414/428,333/333,165/165,254/264,334/336,251/267
WM,S15T4,574589,3149728,136/136,506/508,270/270,110/110,302/302,143/143,196/210,418/428,335/343,165/165,250/256,334/336,245/251
WM,S15T5,574594,3149723,136/136,506/506,270/270,98/110,298/302,143/143,208/208,426/428,333/335,165/165,256/256,328/346,245/267
WM,S15T6,574597,3149700,136/136,506/508,270/270,110/110,302/302,143/143,208/210,418/426,333/335,165/165,256/264,336/336,245/267
WM,S15T7,574604,3149694,136/136,506/506,270/270,98/110,302/302,143/143,208/208,418/426,333/335,165/165,256/256,328/328,245/267
WM,S15T9,574582,3149692,136/136,506/506,270/270,98/110,298/302,143/143,208/208,426/428,333/335,165/165,256/266,328/334,251/267
WM,S15T10,574582,3149701,136/136,508/508,270/270,110/110,302/302,143/143,196/210,418/426,335/345,165/165,244/256,328/336,245/267
WM,S15T11,574579,3149704,136/136,506/510,270/270,110/122,302/302,143/143,208/210,418/428,335/335,165/165,268/268,328/336,245/275
WM,S15T12,574585,3149692,136/136,506/510,270/270,110/122,298/302,143/143,210/214,414/428,333/333,165/165,256/266,328/336,245/267
WM,S15T13,574592,3149671,136/136,506/510,270/270,98/110,298/298,143/143,196/196,414/428,333/335,165/165,248/256,328/336,245/249
WM,S16T1,574665,3149682,136/136,508/510,270/270,110/110,298/298,143/143,198/208,428/428,335/335,165/165,268/268,334/336,245/255
WM,S16T2,574665,3149674,136/136,506/510,270/270,110/122,298/302,143/143,198/198,414/428,335/335,165/165,266/266,334/336,245/251
WM,S16T3,574753,3149664,136/136,506/506,270/270,110/122,302/302,143/143,198/212,418/426,335/345,165/165,266/266,328/336,245/275
WM,S16T5,574771,3149677,136/136,506/510,270/270,110/110,298/302,143/143,198/208,418/428,335/345,165/165,268/268,328/346,267/267
WM,S16T6,574777,3149700,136/136,506/506,270/270,110/110,298/302,143/143,198/210,414/428,335/345,165/165,256/256,336/346,249/267
WM,S16T8,574794,3149658,136/136,506/506,270/270,110/110,298/302,143/143,198/208,418/428,335/335,165/165,268/268,328/346,251/267
WM,S16T9,574783,3149601,136/136,506/510,270/270,110/122,302/302,143/143,208/208,414/418,337/337,165/165,256/264,328/346,255/275
WM,S17T4,574935,3149545,136/136,506/506,270/270,122/122,298/302,143/143,198/208,426/428,335/345,165/165,266/266,336/336,245/267
WM,S17T7,574915,3149644,136/136,506/506,270/272,110/110,298/302,143/143,198/208,418/428,335/335,165/165,256/266,328/346,267/267
WM,S17T11,574976,3149616,136/136,506/506,270/276,122/122,298/298,143/143,198/210,414/428,335/345,165/165,256/256,336/346,245/267
WM,S18T1,575005,3149554,136/136,506/506,270/270,122/122,302/302,143/143,196/208,418/426,335/345,161/165,266/266,334/334,267/267
WM,S18T2,575053,3149560,136/136,506/506,270/270,110/110,302/302,143/143,210/210,426/426,333/335,165/165,256/264,328/346,267/267
WM,S18T3,575058,3149563,136/136,506/506,270/270,110/110,302/302,143/143,210/210,426/426,333/335,165/165,256/264,328/346,267/267
WM,S18T5,575125,3149579,136/136,506/508,270/270,110/110,298/298,143/143,208/212,428/428,333/345,165/165,256/264,328/336,245/245
WM,S18T6,575129,3149531,136/136,506/508,270/270,110/110,298/302,143/143,208/212,426/428,335/345,149/165,266/266,328/334,251/267
WM,S18T7,575141,3149536,136/136,506/510,270/270,110/110,298/302,143/143,196/198,418/426,335/345,165/165,268/268,336/346,245/267
WM,S18T10,575163,3149489,136/136,506/506,270/270,110/112,302/302,143/143,208/210,418/426,333/333,165/165,258/266,328/328,245/267
WM,S19T8,575258,3149459,136/136,506/508,270/286,110/110,298/302,143/143,210/212,418/428,333/335,165/165,256/264,328/346,267/267
WM,S20T1,575301,3149402,136/136,506/510,270/270,110/120,298/298,143/143,208/208,422/428,335/335,149/165,256/262,336/346,245/267
WM,S20T3,575321,3149399,136/136,506/506,270/270,110/112,298/302,143/143,208/208,426/428,333/335,165/165,258/258,328/328,267/267
WM,S20T4,575314,3149378,136/136,506/510,270/286,112/122,298/302,143/143,198/208,426/428,333/335,165/165,268/268,328/336,245/249
WM,S20T5,575329,3149304,136/136,506/508,270/270,110/118,298/302,143/143,210/210,428/428,333/333,165/165,248/266,328/340,245/249
WM,S20T7,575347,3149353,136/136,506/506,270/270,110/110,298/302,143/143,210/210,422/428,333/333,165/165,268/268,334/340,249/251
WM,S20T10,575372,3149372,136/136,506/510,270/270,110/110,298/298,143/143,198/210,428/428,335/335,165/165,268/268,328/336,245/249
WM,S20T12,575450,3149396,136/136,506/510,270/270,110/110,302/302,143/143,210/210,418/422,335/335,165/165,256/256,336/336,267/267
WM,S20T14,575463,3149376,136/136,506/506,270/270,110/122,298/298,143/143,196/212,428/428,333/345,165/165,256/256,328/336,245/245
WM,S20T15,575473,3149363,136/136,506/508,270/270,110/110,302/302,143/143,210/210,422/428,335/335,165/165,268/268,336/336,267/267
WM,S20T17,575454,3149430,136/136,510/510,270/270,110/110,298/298,143/143,196/208,428/428,335/335,165/165,268/268,328/346,245/245
WM,S21T2,575504,3149429,136/136,506/510,270/270,110/122,302/302,143/143,208/212,426/426,335/335,165/165,264/264,336/346,249/267
WM,S21T3,575509,3149419,136/136,506/506,270/270,110/110,298/298,143/143,198/210,428/430,333/335,165/165,268/268,328/328,245/267
WM,S21T5,575540,3149399,136/136,506/506,270/270,110/110,298/302,143/143,208/208,418/426,335/335,165/165,258/258,336/346,245/267
WM,S21T6,575552,3149430,136/136,510/510,270/270,110/122,298/302,143/143,208/212,426/426,345/347,165/165,268/268,328/336,245/249
WM,S21T7,575555,3149413,136/136,506/506,270/270,110/122,302/302,143/143,198/210,426/426,333/335,165/165,256/264,328/328,245/267
WM,S21T9,575567,3149432,136/136,506/506,270/276,110/122,298/302,143/143,210/212,414/428,333/335,165/165,244/266,328/334,245/245
WM,S21T12,575582,3149381,136/136,506/510,270/270,110/122,302/302,143/143,208/212,426/426,335/335,165/165,264/264,336/346,249/267
WM,S22T3,575628,3149299,136/136,506/506,270/270,110/122,298/302,143/143,208/212,426/426,335/335,165/165,266/266,328/346,255/275
WM,S22T4,575675,3149210,136/136,506/508,270/270,110/110,298/302,143/143,208/210,418/426,333/335,165/165,268/268,328/336,245/267
WM,S22T7,575682,3149214,136/136,506/506,270/270,98/110,298/302,143/143,198/212,414/414,335/335,165/165,268/268,336/346,267/267
WM,S23T1,575720,3149234,136/136,506/506,270/270,110/110,298/302,143/143,198/208,428/428,333/335,165/165,256/256,328/336,267/267
WM,S23T2,575723,3149220,136/136,506/506,270/270,110/112,298/298,143/143,198/208,426/428,335/351,149/165,256/256,328/328,267/267
WM,S23T9,575761,3149213,136/136,508/510,270/270,110/110,302/302,143/143,208/210,418/422,335/335,165/165,268/268,328/328,245/251
WM,S23T11,575784,3149216,136/136,506/506,270/270,110/112,298/298,143/143,198/208,414/428,333/335,165/165,256/256,328/328,245/267
WM,S23T12,575787,3149214,136/136,506/506,270/270,110/110,298/298,143/143,208/208,414/428,335/335,165/165,256/256,328/334,245/245
WM,S23T14,575822,3149208,136/136,506/508,270/270,110/110,302/302,143/143,198/208,418/428,333/351,149/165,248/262,328/336,249/267
WM,S23T18,575848,3149211,136/136,506/510,270/270,110/122,298/302,143/143,210/212,426/428,335/351,165/165,268/268,328/346,255/267
WM,S23T20,575870,3149203,136/136,506/510,270/270,110/122,298/298,143/143,208/210,426/428,335/335,165/165,266/266,328/346,267/267
WM,S24T1,575864,3149226,136/136,506/506,270/270,110/110,298/298,143/143,196/208,426/426,335/335,165/165,256/256,336/346,267/267
WM,S24T2,575868,3149226,136/136,506/510,270/270,110/110,298/298,143/143,208/210,418/418,335/335,165/165,268/268,336/336,245/245
WM,S24T4,575888,3149262,136/136,506/506,270/270,110/110,298/302,143/143,208/210,418/418,335/335,165/165,268/268,336/336,245/267
WM,S24T6,575897,3149264,136/136,506/508,270/270,110/110,298/302,143/143,200/208,418/428,335/345,165/165,256/264,328/336,245/267
WM,S24T8,575909,3149270,136/136,506/506,270/270,110/110,302/302,143/143,208/208,426/428,345/345,165/165,268/268,336/346,245/267
WM,S24T9,575908,3149274,136/136,506/506,270/270,110/110,298/298,143/143,208/210,428/428,335/345,163/165,268/268,328/336,245/267
WM,S24T10,575905,3149277,136/136,506/506,270/270,110/110,298/302,143/143,208/210,418/428,335/345,165/165,268/268,336/346,267/267
WM,S24T11,575916,3149296,136/136,506/506,270/270,110/112,298/302,143/143,208/210,426/428,335/335,165/165,256/264,328/336,235/245
WM,S24T12,575914,3149296,136/136,506/506,270/270,110/110,298/302,143/143,208/210,426/428,333/335,165/165,258/258,336/336,245/267
WM,S24T14,575916,3149299,136/136,506/506,270/270,110/110,302/302,143/143,196/210,428/428,345/347,163/165,268/268,328/334,251/251
WA,S25T1,560888,3174508,136/136,506/508,268/270,98/110,298/302,143/143,196/208,414/428,335/345,165/165,248/256,334/334,249/249
WA,S25T2,560888,3174499,136/136,508/508,270/270,98/110,302/302,143/143,196/210,418/424,335/335,165/165,250/266,334/334,249/251
WA,S25T3,560932,3174467,136/136,506/508,270/270,110/112,302/302,143/143,212/212,426/428,335/345,141/165,266/266,328/340,255/255
WA,S25T4,560910,3174405,136/136,506/506,270/270,110/112,302/302,143/143,196/210,426/428,345/347,161/165,256/256,334/340,255/255
WA,S25T5,560998,3174403,136/136,506/506,286/286,110/122,302/302,143/143,208/210,420/428,347/347,163/165,268/268,334/346,235/249
WA,S25T6,561023,3174368,136/136,506/506,270/270,110/110,302/302,143/143,196/210,428/428,335/347,161/165,256/256,328/334,249/255
WA,S25T7,561051,3174370,136/136,506/508,NA,112/122,302/302,143/143,196/208,428/428,335/345,149/165,266/266,336/342,235/255
WA,S25T8,561068,3174352,136/136,506/510,270/270,110/122,298/302,143/143,196/208,414/428,333/335,149/149,264/264,336/340,235/245
WA,S25T9,561091,3174313,136/136,502/508,270/270,110/122,298/302,143/143,196/208,428/428,345/345,165/165,268/268,328/336,255/255
WA,S25T10,561109,3174309,136/136,506/506,270/270,110/110,298/302,143/143,196/208,420/428,345/345,165/165,256/268,328/334,249/255
WA,S25T11,561088,3174278,136/136,506/506,270/270,110/122,302/302,143/143,208/210,418/428,333/335,165/165,268/268,336/336,245/245
WA,S25T12,561081,3174290,136/136,506/506,270/270,110/110,298/304,143/143,196/208,420/428,345/345,165/165,268/268,328/334,249/255
WA,S25T13,561078,3174290,136/136,506/506,270/270,110/122,298/302,143/143,196/208,428/428,335/347,165/165,268/268,334/336,251/255
WA,S25T14,561079,3174258,136/136,506/506,270/270,110/110,298/302,143/143,196/210,428/428,335/345,163/165,268/268,328/334,251/251
WA,S25T16,561108,3174239,136/136,506/510,270/270,110/122,298/298,143/143,208/210,426/428,345/345,163/165,266/266,336/340,249/255
WA,S26T1,560921,3174309,136/136,506/506,270/270,122/122,302/302,143/143,196/208,428/428,345/347,165/165,256/266,328/336,251/255
WA,S26T3,560839,3174417,136/136,508/508,270/270,98/110,298/302,143/143,198/200,414/428,345/347,161/165,266/268,334/336,249/251
WA,S26T4,560843,3174448,136/136,508/508,NA,98/110,298/302,143/143,196/210,424/428,335/345,165/165,266/266,334/334,249/251
WA,S26T5,560824,3174385,136/136,506/508,270/270,110/122,302/302,143/143,196/196,420/428,345/345,165/165,256/266,340/340,235/251
WA,S26T6,560818,3174381,136/136,508/508,270/270,110/110,302/302,143/143,196/208,426/428,345/345,165/165,256/256,336/340,235/249
WA,S26T8,560739,3174298,136/136,506/506,270/270,110/122,302/302,143/143,208/212,424/428,335/335,165/165,256/256,334/340,249/251
WA,S26T9,560734,3174284,136/136,506/508,270/270,110/110,302/302,143/143,198/210,428/428,345/347,163/165,256/256,328/336,251/255
WA,S26T10,560722,3174256,136/136,506/508,270/270,110/122,298/302,143/143,196/210,428/428,345/345,165/165,256/256,328/336,255/255
WA,S26T12,560836,3174098,136/136,508/508,270/270,110/110,302/302,143/143,196/208,426/428,345/345,165/165,256/256,336/340,235/249
WA,S26T14,560893,3174074,136/136,506/508,270/270,110/122,302/302,143/143,196/196,426/428,345/345,165/165,256/256,328/340,249/255
WA,S27T1,560725,3174486,136/136,506/508,270/270,98/110,302/302,143/143,196/210,420/426,335/335,161/165,256/256,336/340,235/255
WA,S27T2,560707,3174526,136/136,506/506,NA,122/122,302/302,143/143,196/208,426/428,335/345,165/165,256/256,328/334,251/255
WA,S27T3,560703,3174533,136/136,506/506,286/286,122/122,302/302,143/143,196/196,428/428,345/345,165/165,266/266,328/334,251/251
WA,S27T4,560785,3174715,136/136,506/508,270/270,112/112,302/302,143/143,208/210,420/424,333/347,149/161,256/256,328/342,235/255
WF,S28T1,562869,3175790,136/136,506/508,270/270,112/118,302/302,143/143,198/210,418/424,335/347,161/165,268/268,328/336,235/255
WF,S28T2,562864,3175805,136/136,506/506,270/270,112/118,302/302,143/143,198/208,424/428,335/347,165/165,268/268,334/336,235/251
WF,S28T3_N,562876,3175796,136/136,506/508,270/270,110/110,302/302,143/143,198/210,414/424,335/335,149/161,256/256,336/340,235/251
WF,S28T4,562866,3175803,136/136,506/506,270/270,110/112,302/302,143/143,198/210,424/424,335/335,161/165,268/268,328/336,255/255
WF,S28T5,562861,3175807,136/136,506/510,270/270,110/110,302/302,143/143,198/208,422/428,335/335,149/161,268/268,334/336,249/255
WF,S28T6,562860,3175809,136/136,506/510,276/276,110/118,302/302,143/143,208/208,424/426,345/345,149/165,258/258,328/336,235/251
WF,S28T7,562847,3175859,136/136,506/506,270/270,110/112,298/302,143/143,208/212,422/424,335/347,149/161,256/256,312/336,237/255
WF,S28T8,562849,3175849,136/136,506/508,NA,110/112,302/302,143/143,208/210,428/428,333/345,165/165,256/256,336/340,249/249
WF,S28T9,562839,3175864,136/136,506/508,270/270,110/110,298/302,143/143,210/210,428/428,335/347,149/165,250/250,340/340,249/251
WF,S28T10,562847,3175848,136/136,508/508,270/270,110/112,302/302,143/143,208/210,418/428,333/347,149/165,256/256,340/340,235/249
WF,S28T11,562846,3175852,136/136,506/506,276/276,110/110,302/302,143/143,208/208,420/428,339/339,165/165,268/268,328/328,249/267
WF,S28T12,562848,3175862,136/136,506/506,270/270,112/118,302/302,143/143,198/208,424/428,335/347,165/165,266/266,334/336,235/251
WF,S28T13,562849,3175866,136/136,506/506,286/286,112/112,302/302,143/143,198/210,424/428,333/345,165/165,256/256,336/346,249/249
WF,S28T14,562850,3175867,136/136,506/508,270/270,112/118,302/302,143/143,210/210,424/428,345/347,149/165,246/256,334/346,251/251
WF,S28T15,562840,3175872,136/136,506/506,270/270,110/110,302/302,143/143,210/210,422/424,335/347,161/165,256/256,340/340,235/255
WF,S28T16,562820,3175884,136/136,506/506,270/270,110/118,302/302,143/143,208/208,418/426,335/347,149/165,266/266,336/340,235/255
WF,S28T17,562822,3175877,136/136,506/506,270/270,110/118,302/302,143/143,208/210,426/426,335/345,149/149,266/266,334/342,235/251
WF,S28T18,562827,3175891,136/136,506/506,270/270,110/110,302/302,143/143,198/208,414/426,335/335,149/165,268/268,336/340,235/251
WF,S28T19,562826,3175896,136/136,506/506,270/270,110/110,302/302,143/143,208/210,418/420,339/339,165/165,268/268,342/342,235/249
WF,S28T20,562829,3175895,136/136,506/506,270/270,110/110,302/302,143/143,208/208,414/420,341/343,149/149,250/256,334/342,235/251
WF,S28T21,562832,3175900,136/136,506/506,270/270,110/110,302/302,143/143,210/210,422/424,335/335,165/165,268/268,328/328,235/255
WF,S28T22,562839,3175900,136/136,506/506,286/286,112/120,302/302,143/143,198/210,424/426,335/335,161/165,268/268,328/340,249/255
WF,S28T23,562839,3175904,136/136,506/506,270/270,112/124,302/302,143/143,210/210,422/424,333/345,165/165,256/256,336/346,251/255
WF,S28T25,562831,3175926,136/136,506/506,NA,110/112,302/302,143/143,210/210,424/426,333/345,149/165,266/266,334/346,251/251
WF,S28T26,562833,3175928,136/136,506/506,270/270,110/110,302/302,143/143,198/210,414/424,343/345,149/165,266/266,336/346,235/251
WF,S28T27,562846,3175953,136/136,506/510,NA,112/122,298/302,143/143,208/208,414/428,335/347,149/165,256/256,328/334,235/255
WF,S28T28,562837,3175956,136/136,506/506,270/270,110/110,298/302,143/143,208/210,424/428,335/335,165/165,268/268,328/340,251/255
WF,S28T29,562828,3175961,136/136,506/506,270/270,110/110,302/302,143/143,198/212,420/428,333/347,165/165,268/268,342/346,245/249
WF,S28T30,562826,3175968,136/136,506/506,270/270,110/110,302/302,143/143,210/212,424/428,333/333,165/165,268/268,328/346,249/251
WF,S28T31,562826,3175989,136/136,506/506,270/270,110/110,302/302,143/143,198/210,424/428,333/345,165/165,248/256,336/346,249/249
WF,S28T32,562827,3175990,136/136,506/506,270/270,110/110,302/302,143/143,210/210,424/426,333/345,165/165,256/256,334/336,235/251
WF,S28T33,561582,3175340,136/136,506/508,270/270,110/122,302/302,143/143,198/208,420/420,333/347,149/149,256/256,334/336,255/255
WF,S29T5,562881,3175823,136/136,506/506,270/270,110/118,302/302,143/143,198/210,414/422,335/345,149/165,256/256,328/336,245/251
WF,S30T1,562882,3175797,136/136,506/506,270/270,110/110,302/302,143/143,208/208,424/428,333/347,149/161,256/256,328/336,251/255
WF,S30T2,562970,3175750,136/136,506/508,NA,110/112,302/302,143/143,198/208,428/428,335/335,149/165,256/256,334/336,251/251
WF,S30T3,562971,3175765,136/136,506/506,270/286,110/110,298/302,143/143,198/208,428/428,335/335,149/165,268/268,334/340,251/255
WF,S31T1,563038,3175739,136/136,510/510,270/284,110/122,298/302,143/143,198/208,418/428,335/347,165/165,256/268,328/328,249/267
WF,S31T2,563070,3175732,136/136,506/508,270/270,110/122,298/302,143/143,198/210,424/428,335/335,149/163,252/256,328/346,235/255
WF,S31T4,563100,3175719,136/136,506/506,286/286,110/118,302/302,143/143,208/208,422/428,335/345,165/165,268/268,328/336,235/249
WZ,S32T1,626386,3170610,136/136,506/508,NA,110/112,302/302,143/143,198/210,424/428,335/335,165/165,266/266,328/346,235/251
WZ,S32T2,626402,3170634,136/138,508/508,NA,110/118,302/302,143/143,208/208,414/428,335/335,149/165,256/264,332/342,249/251
WZ,S32T3,626438,3170657,136/136,506/506,270/270,110/110,302/302,143/143,198/208,424/428,335/335,149/163,256/256,328/346,235/235
WZ,S32T5,626490,3170704,136/138,508/508,270/270,110/120,302/302,143/143,208/208,428/428,341/345,149/159,264/264,342/342,251/257
WZ,S32T8,626546,3170768,136/136,504/508,270/270,110/120,302/302,143/143,182/208,428/428,333/339,149/149,256/264,328/342,251/251
WZ,S32T9,626546,3170767,136/138,508/510,270/270,110/110,302/302,143/143,210/210,422/424,335/339,149/163,264/264,342/342,249/249
WZ,S32T10,626548,3170767,138/138,508/508,NA,102/102,302/302,143/143,208/208,428/428,335/339,149/163,258/258,342/342,249/251
WZ,S33T2,626548,3170836,136/136,506/510,270/270,110/120,298/302,143/143,198/212,428/428,333/339,165/165,256/266,328/336,245/251
WZ,S33T6,626561,3170806,136/138,508/510,246/276,102/110,302/302,143/143,208/208,428/428,335/339,149/163,256/264,342/344,249/251
WZ,S33T7_N,626562,3170809,136/136,508/508,270/270,110/110,302/302,143/143,208/208,428/428,335/339,149/149,256/264,328/342,251/251
WZ,S33T8,626540,3170809,136/138,508/510,270/270,110/110,302/302,143/143,208/208,428/428,335/335,149/163,256/266,328/342,249/251
WZ,S33T9_N,626554,3170808,138/138,508/508,NA,102/110,302/302,143/143,208/208,428/428,335/339,149/163,256/264,342/342,251/251
WZ,S33T10,626577,3170788,138/138,508/510,276/276,102/102,302/302,143/143,208/208,428/428,333/339,149/149,256/256,342/342,251/257
WZ,S33T12,626547,3170780,136/138,508/508,270/270,102/110,302/302,143/143,208/208,428/428,335/339,149/163,256/264,342/342,249/251
WZ,S33T20,626559,3170813,136/136,506/510,270/270,110/122,298/298,143/143,208/210,426/428,335/335,165/165,268/268,328/346,267/267
WZ,S34T1,626627,3170767,136/136,508/508,270/270,110/110,298/302,143/143,208/208,428/428,333/339,149/163,256/264,342/342,249/251
WZ,S34T4,626694,3170874,136/138,508/508,270/270,102/110,302/302,143/143,208/208,428/428,335/339,149/163,256/264,342/342,251/251
WZ,S34T5,626716,3170861,136/136,508/508,270/270,110/110,302/302,143/143,208/208,428/428,339/339,159/161,268/268,336/342,251/251
WZ,S34T6,626717,3170857,136/138,508/508,270/270,110/110,298/302,143/143,208/208,418/428,339/339,149/163,256/264,342/344,249/251
WZ,S34T7,626728,3170868,136/138,508/508,270/270,110/110,298/302,143/143,208/208,418/428,339/345,149/163,258/266,342/344,249/251
WZ,S34T11,626875,3170969,136/136,508/508,NA,110/110,302/302,143/143,208/208,428/428,335/339,149/163,264/264,342/342,249/251
WZ,S35T1,626960,3171114,136/138,508/510,270/270,104/110,302/302,143/143,208/208,428/428,335/339,159/163,252/252,342/342,257/257
WZ,S35T2,627035,3171319,138/138,508/510,270/284,110/110,298/302,143/143,208/208,428/428,335/335,149/149,256/266,328/342,249/251
WZ,S36T1,627185,3171467,138/138,508/510,270/270,102/110,302/302,143/143,208/208,428/428,335/339,149/163,256/264,342/342,251/257
WZ,S36T2,627216,3171483,136/138,508/508,270/270,102/110,302/302,143/143,208/208,428/428,335/339,149/149,250/256,342/342,251/251
WZ,S36T4,627231,3171494,138/138,508/508,238/238,102/110,298/302,143/143,208/208,418/428,339/339,163/163,256/264,328/342,251/257
WZ,S36T5,627226,3171501,136/136,510/510,270/270,110/110,302/302,143/143,208/216,428/428,335/335,163/165,256/256,342/342,249/251
WZ,S36T6,627226,3171502,136/136,508/508,270/270,110/110,302/302,143/143,208/208,414/428,335/339,149/163,256/256,342/342,245/251
WZ,S36T7,627218,3171517,136/138,508/510,270/270,102/110,298/302,143/143,208/216,418/428,331/339,149/163,266/266,328/342,249/257
WZ,S36T8,627223,3171514,138/138,508/508,270/270,110/110,302/302,143/143,208/216,414/428,335/345,163/165,268/268,328/342,249/251
WZ,S36T9,627228,3171517,136/138,508/510,270/270,110/110,302/302,143/143,208/208,428/428,335/335,149/163,256/256,342/342,251/257
WZ,S36T10,627216,3171518,136/138,508/508,270/270,110/110,302/302,143/143,190/208,428/428,339/345,149/163,256/256,342/342,251/257
WZ,S36T11,627217,3171518,138/138,508/508,270/286,110/110,298/302,143/143,208/208,418/428,335/339,149/149,256/266,342/342,245/251
WZ,S36T12,627221,3171526,136/136,508/510,270/270,102/110,298/302,143/143,208/208,418/428,335/339,163/163,256/266,328/342,249/257
WZ,S36T13,627219,3171525,136/136,508/508,270/270,110/110,302/302,143/143,208/208,428/428,343/343,149/149,258/264,342/342,249/249
WZ,S36T14,627215,3171518,138/138,508/510,270/270,110/110,298/302,143/143,208/216,428/428,333/339,149/163,256/256,328/342,249/257
WZ,S36T15,627201,3171524,136/136,508/508,270/270,110/110,302/302,143/143,208/208,414/428,335/335,149/163,250/256,342/342,245/251
WZ,S37T1,627244,3171526,136/138,508/508,270/270,110/122,302/302,143/143,208/208,418/428,335/339,163/163,256/256,342/342,251/251
WZ,S37T2,627255,3171528,136/136,506/506,270/270,110/122,302/302,143/143,210/210,426/428,333/335,165/165,256/266,336/340,249/267
WZ,S37T3,627231,3171544,136/136,508/510,270/286,102/110,298/302,143/143,208/208,420/428,339/339,149/163,246/256,328/344,249/257
WZ,S37T4,627254,3171565,136/138,510/510,270/270,110/110,298/302,143/143,208/208,428/428,335/339,149/163,256/264,328/342,249/257
WZ,S37T5,627276,3171557,136/138,506/510,270/270,110/110,302/302,143/143,208/208,428/428,335/335,149/149,246/256,342/342,249/257
WZ,S37T7,627282,3171565,136/136,506/508,270/270,110/110,302/302,143/143,208/216,420/428,339/339,149/165,256/266,342/344,249/257
WZ,S37T8,627284,3171562,136/138,508/508,270/270,110/110,302/302,143/143,208/214,428/428,335/335,163/165,248/256,328/342,249/249
WZ,S37T9,627276,3171573,136/138,508/510,270/270,110/110,298/298,143/143,208/216,428/428,335/335,149/149,262/262,328/342,249/251
WZ,S37T11,627273,3171584,136/138,508/510,NA,102/110,298/298,143/143,208/216,418/428,339/345,149/149,256/264,328/342,249/249
WZ,S38T1,627313,3171614,136/138,508/508,270/270,110/110,298/302,143/143,208/208,428/428,335/339,149/159,256/256,342/342,249/251
WZ,S38T3,627360,3171595,136/138,508/510,270/270,110/110,302/302,143/143,208/208,428/428,333/345,149/165,248/266,328/328,249/249
WZ,S38T4_N,627397,3171780,136/136,508/508,270/270,104/112,302/302,143/143,208/216,428/428,335/335,149/163,256/256,342/342,249/251
WZ,S38T5,627360,3171634,136/138,510/510,270/270,110/112,302/302,143/143,208/208,428/428,335/339,149/165,250/264,328/342,249/251
WZ,S39T1_N,627400,3171601,138/138,508/510,270/270,110/110,300/302,143/143,208/216,428/428,339/339,149/165,250/256,328/342,249/257
WZ,S39T2,627434,3171599,136/138,508/508,270/270,110/110,302/302,143/143,208/208,418/428,333/339,149/163,256/258,342/342,249/251
WZ,S39T3,627458,3171596,136/138,508/510,270/286,102/110,298/302,143/143,208/208,418/428,339/339,149/163,256/256,342/342,249/257
WZ,S39T4,627455,3171603,136/136,508/510,270/270,110/110,302/302,143/143,208/208,428/428,335/339,165/165,248/256,342/342,251/251
WZ,S39T5,627462,3171618,136/138,508/508,270/270,110/110,302/302,143/143,208/208,420/428,345/373,149/165,246/256,342/342,251/251
WZ,S39T6,627463,3171623,136/138,508/508,270/270,110/110,302/302,143/143,208/208,428/428,335/335,149/149,250/264,344/344,249/251
WZ,S40T1,627714,3171337,136/138,508/510,270/270,110/110,298/302,143/143,208/208,418/428,339/339,149/149,256/256,342/342,251/257
WZ,S41T1,633129,3170736,136/138,508/508,270/270,110/118,302/302,143/143,208/208,414/428,335/339,163/165,256/256,342/344,251/251
